{"cameraMode":{"drawMode":0,"name":"Shaded","section":"Shading Mode"},"sceneLighting":true,"audioPlay":false,"sceneViewState":{"showFog":true,"showMaterialUpdate":false,"showSkybox":true,"showFlares":true,"showImageEffects":true,"showParticleSystems":true,"showVisualEffectGraphs":true,"m_FxEnabled":true},"in2DMode":false,"pivot":{"x":12.821685791015625,"y":-10.663373947143555,"z":15.013978958129883},"rotation":{"x":-0.22215688228607179,"y":-0.21525008976459504,"z":0.050356242805719379,"w":-0.9496213793754578},"size":19.31097412109375,"orthographic":false}