{"cameraMode":{"drawMode":0,"name":"Shaded","section":"Shading Mode"},"sceneLighting":true,"audioPlay":false,"sceneViewState":{"showFog":true,"showMaterialUpdate":false,"showSkybox":true,"showFlares":true,"showImageEffects":true,"showParticleSystems":true,"showVisualEffectGraphs":true,"m_FxEnabled":true},"in2DMode":false,"pivot":{"x":-4.299734115600586,"y":-0.9983930587768555,"z":14.701305389404297},"rotation":{"x":0.03479796648025513,"y":0.01648433320224285,"z":-0.0005742288194596767,"w":0.9992605447769165},"size":11.414236068725586,"orthographic":false}